Tilda UID;Brand;SKU;Category;Title;Description;Text;Photo;Price;Quantity;External ID;Weight
;Barinoff;BARINOFF_ORANGE_1KG;концентраты Баринофф;КОНЦЕНТРАТ «АПЕЛЬСИН» 1 КГ;Яркий сочный апельсин с лёгкой цитрусовой горчинкой цедры. Концентрат для приготовления лимонадов, морсов, чаёв и горячих напитков. Разбавляется водой. Упаковка: пластиковая бутылка 1 кг. Срок годности: 18 мес.;Яркий сочный апельсин с лёгкой цитрусовой горчинкой цедры. Концентрат для приготовления лимонадов, морсов, чаёв и горячих напитков. Разбавляется водой. Упаковка: пластиковая бутылка 1 кг. Срок годности: 18 мес.;;397.00;9999;910000000411;1100
;Barinoff;BARINOFF_ORANGEGINGER_1KG;концентраты Баринофф;КОНЦЕНТРАТ «АПЕЛЬСИН ИМБИРЬ» 1 КГ;Сладкий апельсин и жгучий имбирь — согревающее цитрусовое сочетание. Концентрат для приготовления лимонадов, морсов, чаёв и горячих напитков. Разбавляется водой. Упаковка: пластиковая бутылка 1 кг. Срок годности: 18 мес.;Сладкий апельсин и жгучий имбирь — согревающее цитрусовое сочетание. Концентрат для приготовления лимонадов, морсов, чаёв и горячих напитков. Разбавляется водой. Упаковка: пластиковая бутылка 1 кг. Срок годности: 18 мес.;;462.00;9999;910000000412;1100
;Barinoff;BARINOFF_BANANA_1KG;концентраты Баринофф;КОНЦЕНТРАТ «БАНАН» 1 КГ (ХАЛЯЛЬ);Насыщенный вкус спелого банана с мягкой сладостью. Концентрат для приготовления лимонадов, морсов, чаёв и горячих напитков. Разбавляется водой. Упаковка: пластиковая бутылка 1 кг. Срок годности: 18 мес.;Насыщенный вкус спелого банана с мягкой сладостью. Концентрат для приготовления лимонадов, морсов, чаёв и горячих напитков. Разбавляется водой. Упаковка: пластиковая бутылка 1 кг. Срок годности: 18 мес.;;332.00;9999;910000000413;1100
;Barinoff;BARINOFF_GRAPEFRUITELDER_1KG;концентраты Баринофф;КОНЦЕНТРАТ «ГРЕЙПФРУКТ БУЗИНА» 1 КГ (ХАЛЯЛЬ);Горьковатый грейпфрут и цветочная бузина — освежающий и необычный дуэт. Концентрат для приготовления лимонадов, морсов, чаёв и горячих напитков. Разбавляется водой. Упаковка: пластиковая бутылка 1 кг. Срок годности: 18 мес.;Горьковатый грейпфрут и цветочная бузина — освежающий и необычный дуэт. Концентрат для приготовления лимонадов, морсов, чаёв и горячих напитков. Разбавляется водой. Упаковка: пластиковая бутылка 1 кг. Срок годности: 18 мес.;;343.00;9999;910000000414;1100
;Barinoff;BARINOFF_KIWI_1KG;концентраты Баринофф;КОНЦЕНТРАТ «КИВИ» 1 КГ (ХАЛЯЛЬ);Сочный киви с тропической сладостью и лёгкой кислинкой. Концентрат для приготовления лимонадов, морсов, чаёв и горячих напитков. Разбавляется водой. Упаковка: пластиковая бутылка 1 кг. Срок годности: 18 мес.;Сочный киви с тропической сладостью и лёгкой кислинкой. Концентрат для приготовления лимонадов, морсов, чаёв и горячих напитков. Разбавляется водой. Упаковка: пластиковая бутылка 1 кг. Срок годности: 18 мес.;;343.00;9999;910000000415;1100
;Barinoff;BARINOFF_STRAWBERRY_1KG;концентраты Баринофф;КОНЦЕНТРАТ «КЛУБНИКА» 1 КГ;Вкус спелой летней клубники. Концентрат для приготовления лимонадов, морсов, чаёв и горячих напитков. Разбавляется водой. Упаковка: пластиковая бутылка 1 кг. Срок годности: 18 мес.;Вкус спелой летней клубники. Концентрат для приготовления лимонадов, морсов, чаёв и горячих напитков. Разбавляется водой. Упаковка: пластиковая бутылка 1 кг. Срок годности: 18 мес.;;343.00;9999;910000000416;1100
;Barinoff;BARINOFF_CRANBERRYORANGE_1KG;концентраты Баринофф;КОНЦЕНТРАТ «КЛЮКВА АПЕЛЬСИН» 1 КГ;Кислая клюква и сладкий апельсин — яркий ягодно-цитрусовый баланс. Концентрат для приготовления лимонадов, морсов, чаёв и горячих напитков. Разбавляется водой. Упаковка: пластиковая бутылка 1 кг. Срок годности: 18 мес.;Кислая клюква и сладкий апельсин — яркий ягодно-цитрусовый баланс. Концентрат для приготовления лимонадов, морсов, чаёв и горячих напитков. Разбавляется водой. Упаковка: пластиковая бутылка 1 кг. Срок годности: 18 мес.;;397.00;9999;910000000417;1100
;Barinoff;BARINOFF_CRANBERRYJUNIPER_1KG;концентраты Баринофф;КОНЦЕНТРАТ «КЛЮКВА МОЖЖЕВЕЛЬНИК» 1 КГ (ХАЛЯЛЬ);Северная клюква с хвойными нотами можжевельника. Концентрат для приготовления лимонадов, морсов, чаёв и горячих напитков. Разбавляется водой. Упаковка: пластиковая бутылка 1 кг. Срок годности: 18 мес.;Северная клюква с хвойными нотами можжевельника. Концентрат для приготовления лимонадов, морсов, чаёв и горячих напитков. Разбавляется водой. Упаковка: пластиковая бутылка 1 кг. Срок годности: 18 мес.;;397.00;9999;910000000418;1100
;Barinoff;BARINOFF_FORESTBERRIES_1KG;концентраты Баринофф;КОНЦЕНТРАТ «ЛЕСНЫЕ ЯГОДЫ» 1 КГ;Ароматный микс лесных ягод. Концентрат для приготовления лимонадов, морсов, чаёв и горячих напитков. Разбавляется водой. Упаковка: пластиковая бутылка 1 кг. Срок годности: 18 мес.;Ароматный микс лесных ягод. Концентрат для приготовления лимонадов, морсов, чаёв и горячих напитков. Разбавляется водой. Упаковка: пластиковая бутылка 1 кг. Срок годности: 18 мес.;;343.00;9999;910000000419;1100
;Barinoff;BARINOFF_LEMONGINGER_1KG;концентраты Баринофф;КОНЦЕНТРАТ «ЛИМОН ИМБИРЬ» 1 КГ;Классика согревающих напитков: свежий лимон и пряный имбирь. Концентрат для приготовления лимонадов, морсов, чаёв и горячих напитков. Разбавляется водой. Упаковка: пластиковая бутылка 1 кг. Срок годности: 18 мес.;Классика согревающих напитков: свежий лимон и пряный имбирь. Концентрат для приготовления лимонадов, морсов, чаёв и горячих напитков. Разбавляется водой. Упаковка: пластиковая бутылка 1 кг. Срок годности: 18 мес.;;332.00;9999;910000000420;1100
;Barinoff;BARINOFF_RASPBERRYGINGER_1KG;концентраты Баринофф;КОНЦЕНТРАТ «МАЛИНА ИМБИРЬ» 1 КГ;Сладкая малина с тёплой пряностью имбиря. Концентрат для приготовления лимонадов, морсов, чаёв и горячих напитков. Разбавляется водой. Упаковка: пластиковая бутылка 1 кг. Срок годности: 18 мес.;Сладкая малина с тёплой пряностью имбиря. Концентрат для приготовления лимонадов, морсов, чаёв и горячих напитков. Разбавляется водой. Упаковка: пластиковая бутылка 1 кг. Срок годности: 18 мес.;;429.00;9999;910000000421;1100
;Barinoff;BARINOFF_MANGO_1KG;концентраты Баринофф;КОНЦЕНТРАТ «МАНГО» 1 КГ (ХАЛЯЛЬ);Сочное спелое манго — тропическое настроение в каждом напитке. Концентрат для приготовления лимонадов, морсов, чаёв и горячих напитков. Разбавляется водой. Упаковка: пластиковая бутылка 1 кг. Срок годности: 18 мес.;Сочное спелое манго — тропическое настроение в каждом напитке. Концентрат для приготовления лимонадов, морсов, чаёв и горячих напитков. Разбавляется водой. Упаковка: пластиковая бутылка 1 кг. Срок годности: 18 мес.;;321.00;9999;910000000422;1100
;Barinoff;BARINOFF_MANGOPASSION_1KG;концентраты Баринофф;КОНЦЕНТРАТ «МАНГО МАРАКУЙЯ» 1 КГ;Тропический дуэт сладкого манго и кисловатой маракуйи. Концентрат для приготовления лимонадов, морсов, чаёв и горячих напитков. Разбавляется водой. Упаковка: пластиковая бутылка 1 кг. Срок годности: 18 мес.;Тропический дуэт сладкого манго и кисловатой маракуйи. Концентрат для приготовления лимонадов, морсов, чаёв и горячих напитков. Разбавляется водой. Упаковка: пластиковая бутылка 1 кг. Срок годности: 18 мес.;;397.00;9999;910000000423;1100
;Barinoff;BARINOFF_SEABUCKTHORNGINGER_1KG;концентраты Баринофф;КОНЦЕНТРАТ «ОБЛЕПИХА ИМБИРЬ» 1 КГ;Облепиха с имбирём — яркий, согревающий и полезный вкус. Концентрат для приготовления лимонадов, морсов, чаёв и горячих напитков. Разбавляется водой. Упаковка: пластиковая бутылка 1 кг. Срок годности: 18 мес.;Облепиха с имбирём — яркий, согревающий и полезный вкус. Концентрат для приготовления лимонадов, морсов, чаёв и горячих напитков. Разбавляется водой. Упаковка: пластиковая бутылка 1 кг. Срок годности: 18 мес.;;332.00;9999;910000000424;1100
;Barinoff;BARINOFF_RHUBARB_1KG;концентраты Баринофф;КОНЦЕНТРАТ «РЕВЕНЬ» 1 КГ (ХАЛЯЛЬ);Свежий кисло-сладкий вкус ревеня. Концентрат для приготовления лимонадов, морсов, чаёв и горячих напитков. Разбавляется водой. Упаковка: пластиковая бутылка 1 кг. Срок годности: 18 мес.;Свежий кисло-сладкий вкус ревеня. Концентрат для приготовления лимонадов, морсов, чаёв и горячих напитков. Разбавляется водой. Упаковка: пластиковая бутылка 1 кг. Срок годности: 18 мес.;;332.00;9999;910000000425;1100
;Barinoff;BARINOFF_BLACKCURRANTRASPBERRY_1KG;концентраты Баринофф;КОНЦЕНТРАТ «ЧЕРНАЯ СМОРОДИНА МАЛИНА» 1 КГ;Ароматная чёрная смородина и сладкая малина. Концентрат для приготовления лимонадов, морсов, чаёв и горячих напитков. Разбавляется водой. Упаковка: пластиковая бутылка 1 кг. Срок годности: 18 мес.;Ароматная чёрная смородина и сладкая малина. Концентрат для приготовления лимонадов, морсов, чаёв и горячих напитков. Разбавляется водой. Упаковка: пластиковая бутылка 1 кг. Срок годности: 18 мес.;;343.00;9999;910000000426;1100
;Barinoff;BARINOFF_BLACKCURRANTMINT_1KG;концентраты Баринофф;КОНЦЕНТРАТ «ЧЕРНАЯ СМОРОДИНА МЯТА» 1 КГ;Чёрная смородина с освежающей мятой. Концентрат для приготовления лимонадов, морсов, чаёв и горячих напитков. Разбавляется водой. Упаковка: пластиковая бутылка 1 кг. Срок годности: 18 мес.;Чёрная смородина с освежающей мятой. Концентрат для приготовления лимонадов, морсов, чаёв и горячих напитков. Разбавляется водой. Упаковка: пластиковая бутылка 1 кг. Срок годности: 18 мес.;;299.00;9999;910000000427;1100
;Barinoff;BARINOFF_BLACKREDCURRANT_1KG;концентраты Баринофф;КОНЦЕНТРАТ «ЧЕРНАЯ СМОРОДИНА КРАСНАЯ СМОРОДИНА» 1 КГ;Два вида смородины: насыщенная чёрная и кисловатая красная. Концентрат для приготовления лимонадов, морсов, чаёв и горячих напитков. Разбавляется водой. Упаковка: пластиковая бутылка 1 кг. Срок годности: 18 мес.;Два вида смородины: насыщенная чёрная и кисловатая красная. Концентрат для приготовления лимонадов, морсов, чаёв и горячих напитков. Разбавляется водой. Упаковка: пластиковая бутылка 1 кг. Срок годности: 18 мес.;;332.00;9999;910000000428;1100
;Barinoff;BARINOFF_BLUEBERRY_1KG;концентраты Баринофф;КОНЦЕНТРАТ «ЧЕРНИКА» 1 КГ (ХАЛЯЛЬ);Глубокий ягодный вкус черники. Концентрат для приготовления лимонадов, морсов, чаёв и горячих напитков. Разбавляется водой. Упаковка: пластиковая бутылка 1 кг. Срок годности: 18 мес.;Глубокий ягодный вкус черники. Концентрат для приготовления лимонадов, морсов, чаёв и горячих напитков. Разбавляется водой. Упаковка: пластиковая бутылка 1 кг. Срок годности: 18 мес.;;288.00;9999;910000000429;1100
;Barinoff;BARINOFF_BLUEBERRYMINT_1KG;концентраты Баринофф;КОНЦЕНТРАТ «ЧЕРНИКА МЯТА» 1 КГ (ХАЛЯЛЬ);Черника с прохладной мятой. Концентрат для приготовления лимонадов, морсов, чаёв и горячих напитков. Разбавляется водой. Упаковка: пластиковая бутылка 1 кг. Срок годности: 18 мес.;Черника с прохладной мятой. Концентрат для приготовления лимонадов, морсов, чаёв и горячих напитков. Разбавляется водой. Упаковка: пластиковая бутылка 1 кг. Срок годности: 18 мес.;;343.00;9999;910000000430;1100
;Barinoff;BARINOFF_YUZU_1KG;концентраты Баринофф;КОНЦЕНТРАТ «ЮЗУ» 1 КГ (ХАЛЯЛЬ);Японский цитрус юзу — тонкий аромат на грани лимона, мандарина и грейпфрута. Концентрат для приготовления лимонадов, морсов, чаёв и горячих напитков. Разбавляется водой. Упаковка: пластиковая бутылка 1 кг. Срок годности: 18 мес.;Японский цитрус юзу — тонкий аромат на грани лимона, мандарина и грейпфрута. Концентрат для приготовления лимонадов, морсов, чаёв и горячих напитков. Разбавляется водой. Упаковка: пластиковая бутылка 1 кг. Срок годности: 18 мес.;;332.00;9999;910000000431;1100
;Barinoff;BARINOFF_APPLE_1KG;концентраты Баринофф;КОНЦЕНТРАТ «ЯБЛОКО» 1 КГ (ХАЛЯЛЬ);Свежий вкус сочного яблока. Концентрат для приготовления лимонадов, морсов, чаёв и горячих напитков. Разбавляется водой. Упаковка: пластиковая бутылка 1 кг. Срок годности: 18 мес.;Свежий вкус сочного яблока. Концентрат для приготовления лимонадов, морсов, чаёв и горячих напитков. Разбавляется водой. Упаковка: пластиковая бутылка 1 кг. Срок годности: 18 мес.;;343.00;9999;910000000432;1100
;Barinoff;BARINOFF_APPLECINNAMON_1KG;концентраты Баринофф;КОНЦЕНТРАТ «ЯБЛОКО КОРИЦА» 1 КГ;Печёное яблоко с корицей — уютный осенний вкус. Концентрат для приготовления лимонадов, морсов, чаёв и горячих напитков. Разбавляется водой. Упаковка: пластиковая бутылка 1 кг. Срок годности: 18 мес.;Печёное яблоко с корицей — уютный осенний вкус. Концентрат для приготовления лимонадов, морсов, чаёв и горячих напитков. Разбавляется водой. Упаковка: пластиковая бутылка 1 кг. Срок годности: 18 мес.;;321.00;9999;910000000433;1100
;Barinoff;BARINOFF_BERRYBASIL_1KG;концентраты Баринофф;КОНЦЕНТРАТ «ЯГОДНЫЙ МИКС БАЗИЛИК» 1 КГ;Ягодный микс с пряной свежестью базилика. Концентрат для приготовления лимонадов, морсов, чаёв и горячих напитков. Разбавляется водой. Упаковка: пластиковая бутылка 1 кг. Срок годности: 18 мес.;Ягодный микс с пряной свежестью базилика. Концентрат для приготовления лимонадов, морсов, чаёв и горячих напитков. Разбавляется водой. Упаковка: пластиковая бутылка 1 кг. Срок годности: 18 мес.;;343.00;9999;910000000434;1100
